concept_id,concept
1748279892,universal
2338250628,combines
2556392143,conclusive
4243025479,founded
979093756,ones
410956304,operetta
2231599558,coeditors
3294755223,sabre
2912171826,by-pass
2510924159,insects
4237502550,mulligan
3663606719,conclude
2947745985,providence
4033204395,assimilation
663036173,supervise
1543586393,phoenix
2645750063,devil
3590276052,word
4239706395,lifson
1868656493,kennedy
4055981228,water-washed
4292025467,views
2511036144,mixing
157665467,vigor
2581415265,questioning
2854419338,indirectly
2467988411,bulloch
2239078952,version
3887477841,douglass
3936076593,considering
1790183321,heed
2892598532,lucas
918250598,plead
2867665221,entrance
1017182373,infants
3075324644,publicizing
1862864359,holidays
2576137837,themes
1600606556,evaluating
1431819796,saga
4072463532,luther
2370500559,steaks
2065364106,subservient
2138254491,sense
971427363,fiery
4073803216,generalized
397241045,afloat
1535243245,expeditiously
2176760275,registrant
3478275068,wangled
3489880578,charges
2057686939,freeman
3542725329,metered
4024806228,membrane
143445954,fine
2600937541,nautilus
3929287704,loss
1451823161,oils
1789013257,broglio
1633891419,circles
699032988,lazy
3882352230,doses
2248247922,vicenza
3574152442,quadratic
1372072433,nailed
589860002,aminometha
4066617843,developments
700383641,prohibition
2756672557,summed
2768919438,interfaces
1034368419,chests
4198406322,temple
2752109633,lest
2828814466,hospitalization
4067288242,hypothesized
2710897131,ethics
2515723782,unsupportable
497179722,frozen
2347614639,pioneer
2542873962,sequence
95154279,somewhere
2308185866,dwarfs
2288485831,situs
3739920649,authors
3944377843,promise
3450365868,unaffected
238289326,schramm
4234555970,knock-
1946842517,dried
3930089373,rationality
4194405865,confidential
356933444,heroin
815356815,cutback
1266825791,circumscribing
1932039371,manifesting
1371803844,insufficient
414423358,penalty
3388456503,disgusting
3453220691,lowell
3156316987,touch
